{"sections":{"main":{"type":"collection-sub-collections-template","blocks":{"a1407fd3-38b4-4783-95b0-c69738aad0c8":{"type":"faceted_filtering","settings":{}}},"block_order":["a1407fd3-38b4-4783-95b0-c69738aad0c8"],"settings":{"featured_collection_image":false,"wide_display":true,"mobile_image_crop":"none","caption_content_background":"original","collection_breadcrumb":true,"display_collection_title":false,"collection_tags":false,"collection_sort":false,"align_height":false,"collection_height":200,"collections_per_row":3,"products_per_row":3,"pagination_limit":48,"toggle":false}}},"order":["main"]}