{"sections":{"image_with_text_overlay_e8qKRT":{"type":"image-with-text-overlay","settings":{"wide_display":true,"image":"shopify:\/\/shop_images\/natural_organic_and_zero_waste_lifestyle_store-_Natural_Supply_Co_7551ed15-e09e-4cf0-b0fd-24f5a64c8b77.png","pretext":"","title":"","subtitle":"","button1":"","button1_link":"shopify:\/\/collections\/best-sellers","button1_style":"global-button--primary","button2":"","button2_link":"","button2_style":"global-button--banner","text_position":"center","text_align":"center","caption_content_background":"original","mobile_image_crop":"none","mobile_text_below_image":true,"mobile_text_color":"","css_class":"","custom_css":""}},"image_with_text_overlay_LHqETM":{"type":"image-with-text-overlay","disabled":true,"settings":{"wide_display":true,"image":"shopify:\/\/shop_images\/natural_organic_and_zero_waste_lifestyle_store-_Natural_Supply_Co_7551ed15-e09e-4cf0-b0fd-24f5a64c8b77.png","pretext":"","title":"","subtitle":"","button1":"","button1_link":"shopify:\/\/collections\/best-sellers","button1_style":"global-button--primary","button2":"","button2_link":"","button2_style":"global-button--banner","text_position":"center","text_align":"center","caption_content_background":"original","mobile_image":"shopify:\/\/shop_images\/Body_17c2b5d9-1cd2-4a4a-8c02-191da4fbcacd.png","mobile_image_crop":"none","mobile_text_below_image":true,"mobile_text_color":"","css_class":"","custom_css":""}},"16372129107c095a25":{"type":"image-with-text-overlay","disabled":true,"settings":{"wide_display":true,"image":"shopify:\/\/shop_images\/natural_organic_and_zero_waste_lifestyle_store-_Natural_Supply_Co_8.png","pretext":"<h2><strong>Your go-to store for natural, organic and zero waste living.<\/strong><\/h2>","title":"","subtitle":"<p>We stock over 130 natural, organic and zero waste brands... we've curated the best of the best products for you and your  family.<\/p>","button1":"Shop Best Sellers","button1_link":"shopify:\/\/collections\/best-sellers","button1_style":"global-button--primary","button2":"","button2_link":"","button2_style":"global-button--banner","text_position":"center","text_align":"center","caption_content_background":"original","mobile_image":"shopify:\/\/shop_images\/natural_organic_and_zero_waste_lifestyle_store-_Natural_Supply_Co_7.png","mobile_image_crop":"none","mobile_text_below_image":false,"mobile_text_color":"#ffffff","css_class":"","custom_css":""}},"image_with_text_overlay_CNc8gQ":{"type":"image-with-text-overlay","settings":{"wide_display":true,"image":"shopify:\/\/shop_images\/natural_organic_and_zero_waste_lifestyle_store-_Natural_Supply_Co_8.png","pretext":"<h2><em><strong>The<\/strong><\/em><strong> destination for all things natural, organic and zero waste<\/strong><\/h2>","title":"","subtitle":"<p>Free Australia-wide shipping for all orders over $120. <br\/>Free local Geelong pick up. Express and international shipping available.<\/p>","button1":"SHOP NOW","button1_link":"shopify:\/\/collections\/all","button1_style":"global-button--primary","button2":"","button2_link":"","button2_style":"global-button--banner","text_position":"center","text_align":"center","caption_content_background":"original","mobile_image":"shopify:\/\/shop_images\/natural_organic_and_zero_waste_lifestyle_store-_Natural_Supply_Co_7.png","mobile_image_crop":"none","mobile_text_below_image":false,"mobile_text_color":"#ffffff","css_class":"","custom_css":""}},"featured_promotions_i9nVLA":{"type":"featured-promotions","blocks":{"image_mmYc3J":{"type":"image","settings":{"image":"shopify:\/\/shop_images\/Shop-leste-sarah-favourites.png","mobile_image":"shopify:\/\/shop_images\/Shop-leste-sarah-favourites_7b8f0890-3226-4d4c-b5bd-2efd4d02c146.png","link":"shopify:\/\/collections\/lest-sarahs-top-picks","title":"Our Top Picks","text":"<p>Shop Lest & Sarah's Favourites<\/p>","button_label":""}},"image_PkYX8N":{"type":"image","settings":{"image":"shopify:\/\/shop_images\/New-Arrivals.png","mobile_image":"shopify:\/\/shop_images\/New-Arrivals_87005a1f-8c51-4079-b9c8-8b4129eb3ffa.png","link":"shopify:\/\/collections\/new-arrivals","title":"What's New","text":"<p>Discover New Products<\/p>","button_label":""}},"image_wX3hee":{"type":"image","settings":{"image":"shopify:\/\/shop_images\/Zero_Waste_91475ef1-edef-4ae3-9f4e-4f16bb533c84.png","mobile_image":"shopify:\/\/shop_images\/Zero_Waste_aa12f1e2-3d57-44c2-b5de-26d5dc19ad5d.png","link":"https:\/\/naturalsupplyco.com\/collections\/plastic-free-products","title":"Zero Waste","text":"<p>Shop Plastic Free Products  <\/p>","button_label":""}},"image_zn8Yx8":{"type":"image","settings":{"image":"shopify:\/\/shop_images\/Makeup_-_1.png","mobile_image":"shopify:\/\/shop_images\/Make_Up.png","link":"https:\/\/naturalsupplyco.com\/collections\/makeup","title":"Make Up","text":"<p>Shop Natural & Organic Makeup<\/p>","button_label":""}},"image_TCy4DT":{"type":"image","settings":{"image":"shopify:\/\/shop_images\/Baggu_a551ad87-6cc3-4284-89cb-ebce1bf0b976.png","mobile_image":"shopify:\/\/shop_images\/Baggu_5b9bb45c-4092-482a-9215-fe3653942bc0.png","link":"shopify:\/\/collections\/baggu","title":"BAGGU","text":"<p>Shop Latest Bags and Accessories<\/p>","button_label":""}},"image_BxBBw3":{"type":"image","settings":{"image":"shopify:\/\/shop_images\/Home.png","mobile_image":"shopify:\/\/shop_images\/Home_a26ee3df-c5b8-4096-8f0f-1494e1bd7e89.png","link":"https:\/\/naturalsupplyco.com\/collections\/the-home","title":"Home","text":"<p>Shop Essentials For The Home<\/p>","button_label":""}},"image_J8HqKX":{"type":"image","settings":{"image":"shopify:\/\/shop_images\/Baby-Kids.png","mobile_image":"shopify:\/\/shop_images\/Baby-Kids_29d0b322-0c0e-4c44-948e-f0850c8fc27f.png","link":"https:\/\/naturalsupplyco.com\/collections\/for-baby","title":"Baby & Kids","text":"<p>Shop Natural & Organic Baby Products<\/p>","button_label":""}},"image_HfzmUY":{"type":"image","settings":{"image":"shopify:\/\/shop_images\/Skincare.png","mobile_image":"shopify:\/\/shop_images\/GrownAlchemistTravelKitwithbag.jpg","link":"https:\/\/naturalsupplyco.com\/collections\/natural-organic-skincare-online-australia","title":"Skin Care","text":"<p>Shop Natural & Organic Skin Care<\/p>","button_label":""}},"image_p6rBVE":{"type":"image","settings":{"image":"shopify:\/\/shop_images\/WinkiZincMineralSunscreenSPF50.jpg","link":"","title":"Body Care","text":"<p>Shop Organic & Natural Body Care<\/p>","button_label":""}},"image_MHfJ63":{"type":"image","settings":{"image":"shopify:\/\/shop_images\/Haircare.png","mobile_image":"shopify:\/\/shop_images\/Haircare_9d8d9466-8514-4c3e-b263-d4ac60d88feb.png","link":"https:\/\/naturalsupplyco.com\/collections\/hair-care","title":"Hair Care","text":"<p>Shop Natural & Organic Hair Care<\/p>","button_label":""}},"image_3X94W3":{"type":"image","settings":{"image":"shopify:\/\/shop_images\/Frank-Green-2.png","mobile_image":"shopify:\/\/shop_images\/Frank-Green-2_b1beebde-1382-4747-a0ed-61a20bd2d8af.png","link":"shopify:\/\/collections\/frank-green-reusable-coffee-cups-water-bottles","title":"Frank Green","text":"<p>Shop Reusable Water Bottles and Coffee Cups<\/p>","button_label":""}},"image_WUQmAf":{"type":"image","settings":{"image":"shopify:\/\/shop_images\/Sale_2d2367ae-d80b-4556-bbeb-cd2800821768.png","link":"shopify:\/\/collections\/curated-by-our-travels","title":"Curated by our Travels","text":"<p>Shop Curated Pieces<\/p>","button_label":""}}},"block_order":["image_mmYc3J","image_PkYX8N","image_wX3hee","image_zn8Yx8","image_TCy4DT","image_BxBBw3","image_J8HqKX","image_HfzmUY","image_p6rBVE","image_MHfJ63","image_3X94W3","image_WUQmAf"],"settings":{"wide_display":false,"promo_text_on_image_enabled":true,"featured_promos_per_row":3,"featured_links_animation":"fadeInDown","feature_style":"square","css_class":"","custom_css":""}},"slideshow_Umfptp":{"type":"slideshow","settings":{"wide_display":true,"slideshow_text_animation":"fadeInDown","slideshow_animation":"fade","slideshow_speed":6,"activate_adaptiveHeight":true,"mobile_text_below_image":true,"mobile_text_color":"","css_class":"","custom_css":""}},"newsletter-1":{"type":"newsletter","settings":{"wide_display":true,"display_first_name":true,"display_last_name":false,"newsletter_title":"Join us for 10% off","newsletter_text":"<p>Join the NSC news family and receive 10% off your first purchase and learn to live a more natural life.<\/p>","newsletter_section_text_align":"center","image":"shopify:\/\/shop_images\/Search_Natural_Supply_Co_1dc8bf0a-258b-4a92-b6dc-e0a966ec98c8.jpg","css_class":"","custom_css":""}},"featured_promotions_XENqcK":{"type":"featured-promotions","blocks":{"image_krYU6h":{"type":"image","settings":{"image":"shopify:\/\/shop_images\/Frank-Green_6dac61c6-703b-4c07-bbd2-c4a071dcc8dd.png","link":"shopify:\/\/collections\/frank-green-reusable-coffee-cups-water-bottles","title":"Frank Green","text":"<p>Discover new products<\/p>","button_label":""}},"image_GJa7jA":{"type":"image","settings":{"image":"shopify:\/\/shop_images\/BagguMiniNylonShoulderBag.jpg","link":"shopify:\/\/collections\/baggu","title":"Baggu","text":"<p>Plastic free products  <\/p>","button_label":""}},"image_F78QqE":{"type":"image","settings":{"image":"shopify:\/\/shop_images\/Natual-Patch-Co.png","link":"shopify:\/\/collections\/buzz-patch-mosquito-repellent-patch","title":"Natural Patch Co","text":"","button_label":""}}},"block_order":["image_krYU6h","image_GJa7jA","image_F78QqE"],"disabled":true,"settings":{"wide_display":true,"promo_text_on_image_enabled":true,"featured_promos_per_row":3,"featured_links_animation":"fadeInDown","feature_style":"square","css_class":"","custom_css":""}},"shoppable_image_pmnAQ4":{"type":"shoppable-image","blocks":{"shoppable_image_iwJdF7":{"type":"shoppable-image","settings":{"image":"shopify:\/\/shop_images\/Frank_Green.png","card_styling":"square","elements_outline":true,"hotspot_color":"","product_1":"frank-green-ceramic-reusable-bottle-1-litre","image_alignment_1":"center-center","x_axis_1":11,"y_axis_1":50,"button_label_1":"View product","product_2":"frank-green-ceramic-reusable-bottle-2-litre-straw-lid","image_alignment_2":"center-center","x_axis_2":19,"y_axis_2":25,"button_label_2":"View product","product_3":"frank-green-pack-of-2-porcelain-bowls","image_alignment_3":"center-center","x_axis_3":40,"y_axis_3":32,"button_label_3":"View product","product_4":"frank-green-franksters","image_alignment_4":"center-center","x_axis_4":79,"y_axis_4":80,"button_label_4":"View product","call_to_action":"","subtitle":"<p>Make your everyday life easier and more sustainable with Frank Green<\/p>","text_align":"center","button_label":"Shop Frank Green","button_link":"shopify:\/\/collections\/frank-green-reusable-coffee-cups-water-bottles","button_style":"global-button--banner-text-highlighted","cta_bg_color":"#f2f2f2"}},"shoppable_image_tA8JPy":{"type":"shoppable-image","settings":{"image":"shopify:\/\/shop_images\/Baggu_2fbae8c5-137e-4fa7-93b9-382885bbbf19.png","card_styling":"square","elements_outline":true,"hotspot_color":"","product_1":"baggu-medium-cargo-crossbody","image_alignment_1":"center-center","x_axis_1":19,"y_axis_1":50,"button_label_1":"View product","product_2":"baggu-fanny-pack","image_alignment_2":"center-center","x_axis_2":56,"y_axis_2":25,"button_label_2":"View product","product_3":"baggu-cloud-carry-on-bag","image_alignment_3":"center-center","x_axis_3":78,"y_axis_3":75,"button_label_3":"View product","product_4":"","image_alignment_4":"center-center","x_axis_4":20,"y_axis_4":80,"button_label_4":"View product","call_to_action":"","subtitle":"<p>Official Australian stockists of this best selling brand of bags of accessories<\/p>","text_align":"center","button_label":"Shop Baggu","button_link":"shopify:\/\/collections\/baggu","button_style":"global-button--banner-text-highlighted","cta_bg_color":"#f2f2f2"}}},"block_order":["shoppable_image_iwJdF7","shoppable_image_tA8JPy"],"settings":{"wide_display":false,"slideshow_text_animation":"fadeInDown","slideshow_animation":"fade","slideshow_speed":3,"title":"Your Favourites","quick_view":false,"bottom_bar":true,"product_thumbnails":true,"cta":true,"bottom_bar_image_style":"natural","css_class":"","custom_css":""}},"search_RefcEp":{"type":"search","settings":{"wide_display":true,"search_title":"Can't find what you're looking for?","search_text":"<p>We stock over 1000 products, so we know it can be tricky to find everything! <br\/>If you know what you want, try searching for it directly.<\/p>","search_section_text_align":"center","search_term":"Search...","image":"shopify:\/\/shop_images\/Copy_of_Copy_of_NSC-Mobile-Banner_800_x_300_px.png","css_class":"","custom_css":""}},"image-text-1":{"type":"image-text","blocks":{"block-1":{"type":"image","settings":{"image":"shopify:\/\/shop_images\/Celeste_Sarah_shop.jpg","image_crop":"center","title":"We're Twinning Besties","text":"<p>Natural Supply Co is proudly owned and operated in Geelong, VIC by friends Celeste Robertson and Sarah Scott aka the <strong>'twinning besties'.<\/strong><\/p><p>Passionate about luxe, eco-friendly products, we aim to source the best natural products for the whole family, plus plastic-free alternatives to help reduce our impact on the environment. <\/p><p>All products stocked are cruelty-free, and we trust them to use on ourselves, our kids and our friends and family. If we wouldn't use it, we won't stock it - that's our promise.<\/p>","button_label":"Read our Story","link":"shopify:\/\/pages\/about-us","bg_color":"#f8e5e7","text_color":"rgba(0,0,0,0)"}},"block-2":{"type":"image","settings":{"image":"shopify:\/\/shop_images\/Natural_Supply_Co_staff_favourites.jpg","image_crop":"center","title":"Our Sustainability Practices...","text":"<p>- We reuse as much packaging we receive from our suppliers as possible. All packing beans are reused (plus they are biodegradable and compostable), we reuse boxes whenever possible, as well as bubble wrap: in fact, since our launch in 2014, we have never purchased bubble wrap!<\/p><p>- All orders are packed in house, with a handwritten note and sample in all orders over $20. We love getting to know our tribe through social media and email, and feel like we are writing to friends! <\/p>","button_label":"Read more about our sustainability practices","link":"https:\/\/naturalsupplyco.com\/pages\/sustainability-sponsorships","bg_color":"#03857c","text_color":"#ffffff"}}},"block_order":["block-1","block-2"],"settings":{"wide_display":false,"featured_links_per_row":"1","frontpage_text_align":"left","frontpage_image_position":"row","css_class":"","custom_css":""}},"16372093455fe80aa6":{"type":"logo-bar","blocks":{"1637209344a888d862-0":{"type":"logo_image","settings":{"image":"shopify:\/\/shop_images\/Grown_Alchemist_logo.jpg","link":"shopify:\/\/collections\/grown-alchemist"}},"1637209344a888d862-1":{"type":"logo_image","settings":{"image":"shopify:\/\/shop_images\/frank_green_logo_f60e4a84-76d7-4e3b-8857-f96beaa6cc45.png","link":"shopify:\/\/collections\/frank-green-reusable-coffee-cups-water-bottles"}},"1637209344a888d862-2":{"type":"logo_image","settings":{"image":"shopify:\/\/shop_images\/Hunter_Lab_logo_copy.jpg","link":"shopify:\/\/collections\/hunter-lab"}},"1637209344a888d862-3":{"type":"logo_image","settings":{"image":"shopify:\/\/shop_images\/Biologi_logo.png","link":"shopify:\/\/collections\/biologi-skin-care"}},"635cadd7-0077-451d-b6bc-057d0b6ae5b7":{"type":"logo_image","settings":{"image":"shopify:\/\/shop_images\/Seed_Sprout_plastic-free_lifestyle_essentials_logio.png","link":"shopify:\/\/collections\/seed-sprout-plastic-free-lifestyle-essentials"}},"0646d0f5-4f41-43b5-9fec-d3410a3a3647":{"type":"logo_image","settings":{"image":"shopify:\/\/shop_images\/KUWAII_logo.jpg","link":"shopify:\/\/collections\/kuwaii"}},"a63e6a7a-964b-4cb4-ad51-bf4044c66cac":{"type":"logo_image","settings":{"image":"shopify:\/\/shop_images\/Botanicals_web_primary_black.jpg","link":"shopify:\/\/collections\/botanicals-by-luxe"}},"6820661b-370d-4b10-a75c-e05bd4a4b17e":{"type":"logo_image","settings":{"image":"shopify:\/\/shop_images\/Eye_of_Horus_Cosmetics_logo_77214b0b-37d1-4a20-9ff1-045084ed94b7.jpg","link":"shopify:\/\/collections\/eye-of-horus-cosmetics"}},"72f4571a-ad1b-4a24-86a5-f38781d4a0df":{"type":"logo_image","settings":{"image":"shopify:\/\/shop_images\/INIKA_Organic_logo_3f6dfca8-6d94-46c0-be76-21fee097240e.jpg","link":"shopify:\/\/collections\/inika-organic"}},"7e744572-73b5-4cb5-b7dd-39322f13bbf7":{"type":"logo_image","settings":{"image":"shopify:\/\/shop_images\/Ere_Perez_logo.png","link":"shopify:\/\/collections\/ere-perez"}},"2654e19c-0f9a-4cf1-aca9-74234ea3bb22":{"type":"logo_image","settings":{"image":"shopify:\/\/shop_images\/bondi_wash_logo_757eb17d-dd7f-4998-aeb7-1fcaa903321b.png","link":"shopify:\/\/collections\/bondi-wash"}},"e00bc6b9-9f03-4f02-bcd6-b124dc984a87":{"type":"logo_image","settings":{"image":"shopify:\/\/shop_images\/Outland_Denim_logo.png","link":"shopify:\/\/collections\/outland-denim"}},"8551605f-6acc-4c0d-82f6-8496c15663f6":{"type":"logo_image","settings":{"image":"shopify:\/\/shop_images\/O_M_Original_Mineral_Haircare_logo_dc5d1feb-6fa6-41ae-baa4-9a15a895ac85.png","link":"shopify:\/\/collections\/o-m-original-mineral-haircare"}},"4aec8065-c8fa-43d5-9cfa-f46aaae9096a":{"type":"logo_image","settings":{"image":"shopify:\/\/shop_images\/mukti-logo.jpg","link":"shopify:\/\/collections\/mukti"}},"963d9a21-17c7-40ef-9f86-7532e02b859b":{"type":"logo_image","settings":{"image":"shopify:\/\/shop_images\/clemence-organics-logo_2fe3baf1-487a-41b0-8254-728e61c6acc0.jpg","link":"shopify:\/\/collections\/clemence-organics"}},"e4c9c5dd-1604-4c8c-90c8-56c4062d4747":{"type":"logo_image","settings":{"image":"shopify:\/\/shop_images\/Tribe_Skincare_logo.png","link":"shopify:\/\/collections\/tribe-skincare"}},"db6a3a40-0e4b-42cc-8f83-74bf283d5e49":{"type":"logo_image","settings":{"image":"shopify:\/\/shop_images\/Wolf_Moon_logo.png","link":"shopify:\/\/collections\/wolf-moon"}},"2a762474-0b49-468a-99d9-76f32c004a28":{"type":"logo_image","settings":{"image":"shopify:\/\/shop_images\/Three_Warriors_logo.png","link":"shopify:\/\/collections\/three-warriors-natural-tanning-products"}}},"block_order":["1637209344a888d862-0","1637209344a888d862-1","1637209344a888d862-2","1637209344a888d862-3","635cadd7-0077-451d-b6bc-057d0b6ae5b7","0646d0f5-4f41-43b5-9fec-d3410a3a3647","a63e6a7a-964b-4cb4-ad51-bf4044c66cac","6820661b-370d-4b10-a75c-e05bd4a4b17e","72f4571a-ad1b-4a24-86a5-f38781d4a0df","7e744572-73b5-4cb5-b7dd-39322f13bbf7","2654e19c-0f9a-4cf1-aca9-74234ea3bb22","e00bc6b9-9f03-4f02-bcd6-b124dc984a87","8551605f-6acc-4c0d-82f6-8496c15663f6","4aec8065-c8fa-43d5-9cfa-f46aaae9096a","963d9a21-17c7-40ef-9f86-7532e02b859b","e4c9c5dd-1604-4c8c-90c8-56c4062d4747","db6a3a40-0e4b-42cc-8f83-74bf283d5e49","2a762474-0b49-468a-99d9-76f32c004a28"],"settings":{"title":"Our best-selling brands","layout":"slider","css_class":"","custom_css":""}},"16372090339553003f":{"type":"apps","blocks":{"7ab2f688-c8d6-42d1-8a82-90d6d9df45eb":{"type":"shopify:\/\/apps\/judge-me-reviews\/blocks\/featured_carousel\/61ccd3b1-a9f2-4160-9fe9-4fec8413e5d8","settings":{"maxwidth":1080}}},"block_order":["7ab2f688-c8d6-42d1-8a82-90d6d9df45eb"],"settings":{}},"testimonials-1":{"type":"testimonial","blocks":{"block-1":{"type":"image","disabled":true,"settings":{"title":"Customer Love","testimonial":"<p>\"Honestly you guys actually understand that customer service is as important online as it is in a face to face shop. I love that.\" <\/p>","name":"- Bree, VIC","store_name":"","link":"shopify:\/\/pages\/testimonials","text_position":"center","text_align":"center","mobile_image_crop":"none","caption_content_background":"original"}},"block-2":{"type":"image","settings":{"title":"Customer Love","testimonial":"<p>\"A big thank you for how quick, easy and pleasant your online ordering system is! You have a beautiful site, with a beautifully curated range of goodies. I will be ordering again soon.\" <\/p>","name":"- Juliette, VIC","store_name":"","link":"shopify:\/\/pages\/testimonials","text_position":"center","text_align":"center","mobile_image_crop":"none","caption_content_background":"original"}},"block-3":{"type":"image","settings":{"title":"Customer Love","testimonial":"<p>“I am a new customer of Natural Supply Co and am falling in love with their quirky, friendly shop and wonderful service. I have found products that I have used before then could not purchase again, new home cleaning products and skin care items. Very happy to have such a store on my doorstep.”<\/p>","name":"- Di, VIC","store_name":"","link":"","text_position":"center","text_align":"center","mobile_image_crop":"none","caption_content_background":"original"}}},"block_order":["block-1","block-2","block-3"],"disabled":true,"settings":{"wide_display":true,"testimonial_text_animation":"fadeInDown","testimonial_speed":6,"activate_adaptiveHeight":false,"mobile_text_below_image":true,"mobile_text_color":"","css_class":"","custom_css":""}},"blog-posts-1":{"type":"blog-posts","settings":{"title":"From the blog","blog_widget_select":"blog","home_page_articles":3,"blog_tags":false,"blog_author":false,"read_time":true,"blog_date":true,"blog_comment_count":true,"read_more_link":true,"excerpt_display":"full_excerpt","css_class":"","custom_css":""}},"featured_text_3Ehrff":{"type":"featured-text","settings":{"title":"Visit our Geelong Store","content":"<p>Our Newtown store is open from 10am to 5pm Monday to Friday and  10am to 3pm on Saturday.<br\/>Find us at 5 Rutland Street, Newtown Geelong.<\/p>","button_label":"","button_link":"","text_size":"featured_text","text_alignment":"center","css_class":"","custom_css":""}},"map_6Mnewg":{"type":"map","settings":{"map_wide_display":true,"map_address":"5 Rutland street newtown","map_height":330,"zoom_level":13,"api_key":"","show_pin":true,"map_style":"default","css_class":"","custom_css":""}},"newsletter_Gcdbzh":{"type":"newsletter","settings":{"wide_display":true,"display_first_name":true,"display_last_name":false,"newsletter_title":"Join the NSC  Family","newsletter_text":"","newsletter_section_text_align":"center","image":"shopify:\/\/shop_images\/natural_organic_and_zero_waste_lifestyle_store-_Natural_Supply_Co_4.png","css_class":"","custom_css":""}}},"order":["image_with_text_overlay_e8qKRT","image_with_text_overlay_LHqETM","16372129107c095a25","image_with_text_overlay_CNc8gQ","featured_promotions_i9nVLA","slideshow_Umfptp","newsletter-1","featured_promotions_XENqcK","shoppable_image_pmnAQ4","search_RefcEp","image-text-1","16372093455fe80aa6","16372090339553003f","testimonials-1","blog-posts-1","featured_text_3Ehrff","map_6Mnewg","newsletter_Gcdbzh"]}