{"sections":{"main":{"type":"page-template","settings":{}},"1712921278fb39f0d1":{"type":"apps","settings":{}},"featured_promotions_cbyCnj":{"type":"featured-promotions","blocks":{"image_pTMtnB":{"type":"image","settings":{"image":"shopify:\/\/shop_images\/LocoLoveLoversGiftBox.jpg","link":"shopify:\/\/collections\/loco-love","title":"Loco Love","text":"","button_label":""}},"image_MHjYUc":{"type":"image","settings":{"image":"shopify:\/\/shop_images\/Frank-Green_6dac61c6-703b-4c07-bbd2-c4a071dcc8dd.png","link":"shopify:\/\/collections\/frank-green-reusable-coffee-cups-water-bottles","title":"Frank Green","text":"","button_label":""}},"image_7ddrhE":{"type":"image","settings":{"image":"shopify:\/\/shop_images\/Baggu_5b9bb45c-4092-482a-9215-fe3653942bc0.png","link":"shopify:\/\/collections\/baggu","title":"Baggu","text":"","button_label":""}},"image_83tQeL":{"type":"image","settings":{"image":"shopify:\/\/shop_images\/BedIntentions_Water-BasedLubricant_GeelongStockist.jpg","link":"shopify:\/\/collections\/sexual-wellness","title":"Sexual Wellness","text":"","button_label":""}},"image_E9Md4P":{"type":"image","settings":{"image":"shopify:\/\/shop_images\/Seed_SproutWoodFibreChoppingBoard.jpg","link":"shopify:\/\/collections\/plastic-free-products","title":"Zero Waste","text":"","button_label":""}},"image_6GTYV7":{"type":"image","settings":{"image":"shopify:\/\/shop_images\/EnfanceParisSolidProtectiveSoap-0-3years.png","link":"shopify:\/\/collections\/new-arrivals","title":"What's New","text":"<p>Promotion description details.<\/p>","button_label":""}}},"block_order":["image_pTMtnB","image_MHjYUc","image_7ddrhE","image_83tQeL","image_E9Md4P","image_6GTYV7"],"settings":{"wide_display":false,"promo_text_on_image_enabled":true,"featured_promos_per_row":3,"featured_links_animation":"fadeInDown","feature_style":"square","css_class":"","custom_css":""}}},"order":["main","1712921278fb39f0d1","featured_promotions_cbyCnj"]}