{"sections":{"image_text_4JF6n4":{"type":"image-text","settings":{"wide_display":true,"featured_links_per_row":"1","frontpage_text_align":"left","frontpage_image_position":"row","css_class":"","custom_css":""}},"main":{"type":"page-team-template","disabled":true,"settings":{"image_position":"left","title":"","text":"<p> <\/p>","text_position":"center","employee_per_row":3,"member_color":"#ffffff","member_accent_color":"#d54d4d","member_overlay_color":"#000000"}},"text_columns_with_images_XtaReT":{"type":"text-columns-with-images","blocks":{"text_block_Pnj39R":{"type":"text_block","settings":{"enable_image":true,"image":"shopify:\/\/shop_images\/birthday.gif","title":"We love celebrating 🎉","heading_size":"regular_text","text":"<p>We love celebrating birthdays here at Natural Supply Co. When you join our community and tell us your birthday, we will send you a $20 voucher on your birthday. You can't have a birthday without being able to treat yourself!<\/p><p><em>There is no minimum spend for the voucher, can not be used for shipping costs. Free in store pickup available.<\/em><\/p>","button_label":"","button_link":"","align_text":"center","border_style":"none"}}},"block_order":["text_block_Pnj39R"],"settings":{"title":"Receive a $20 voucher on your birthday","css_class":"","custom_css":""}},"17152229900adf26bf":{"type":"apps","blocks":{"klaviyo_email_marketing_sms_form_embed_block_j8GCYa":{"type":"shopify:\/\/apps\/klaviyo-email-marketing-sms\/blocks\/form-embed-block\/2632fe16-c075-4321-a88b-50b567f42507","settings":{"formId":"USuFYz"}}},"block_order":["klaviyo_email_marketing_sms_form_embed_block_j8GCYa"],"settings":{}}},"order":["image_text_4JF6n4","main","text_columns_with_images_XtaReT","17152229900adf26bf"]}