{"sections":{"sidebar":{"type":"product-sidebar","blocks":{"35749514-0417-48d9-8157-638ed490c308":{"type":"text","settings":{"title":"Same-Day Dispatch","text":"<p>Simply order by 12pm for same-day dispatch. Too easy.<\/p>"}},"eb2b9cd8-46a9-4f20-ae89-a2af45c23ba7":{"type":"text","settings":{"title":"Free Shipping","text":"<p>Enjoy free standard shipping on all  Australian orders over $120. For orders under $120, shipping is $9.95.<br\/><\/p><p>Express and international shipping also available<\/p>"}},"1c0ed3e1-22cc-4d40-98a4-a9f94e46c97f":{"type":"text","settings":{"title":"Save 10%","text":"<p>Sign up to <a href=\"https:\/\/naturalsupplyco.com\/pages\/subscribe-to-nsc-news-and-save-10-on-your-order\" title=\"https:\/\/naturalsupplyco.com\/pages\/subscribe-to-nsc-news-and-save-10-on-your-order\">NSC News<\/a> to save 10% on your first order.<\/p><p>PLUS you'll get the latest on sales, new releases and more.<\/p>"}}},"block_order":["35749514-0417-48d9-8157-638ed490c308","eb2b9cd8-46a9-4f20-ae89-a2af45c23ba7","1c0ed3e1-22cc-4d40-98a4-a9f94e46c97f"],"settings":{"toggle":false}},"main":{"type":"product-template","blocks":{"title":{"type":"title","settings":{}},"price":{"type":"price","settings":{"display_savings":true}},"form":{"type":"form","settings":{}},"description":{"type":"description","settings":{}},"share":{"type":"share","settings":{}}},"block_order":["title","price","form","description","share"],"settings":{"product_breadcrumb":true,"media_position":"is-flex-row","set_product_height":false,"product_height":500,"video_looping":false,"product_thumbs":true,"gallery_arrows":true,"enable_product_lightbox":true,"activate_zoom":true,"slideshow_speed":0,"slideshow_animation":"slide","thumbnail_position":"bottom","enable_thumbnail_slider":true}},"recommendations":{"type":"product-recommendations","settings":{"show_product_recommendations":true,"wide_display":false,"product_recommendations_style":"grid","product_recommendations_heading":"You may also like","products_per_row":5,"recommended_products_limit":5}},"recently-viewed":{"type":"recently-viewed","settings":{"rv_title":"Recently viewed products","rv_max_display":6,"rv_per":4,"css_class":"","custom_css":""}}},"order":["sidebar","main","recommendations","recently-viewed"]}